term_kind,measurement_code,metadata_code,surface,source_id,collected_on,evidence_url,evidence_snippet,synonym_type,review_status,note
measurement,WQ-001,,itemBod,NIER_WQ_API,2026-08-05,https://www.data.go.kr/data/15081073/openapi.do,출력결과 명세표 항목명(영문) 열,column_name,verified,
measurement,WQ-002,,itemToc,NIER_WQ_API,2026-08-05,https://www.data.go.kr/data/15081073/openapi.do,출력결과 명세표 항목명(영문) 열,column_name,verified,
measurement,WQ-003,,itemCod,NIER_WQ_API,2026-08-05,https://www.data.go.kr/data/15081073/openapi.do,출력결과 명세표 항목명(영문) 열,column_name,verified,
measurement,WQ-004,,itemSs,NIER_WQ_API,2026-08-05,https://www.data.go.kr/data/15081073/openapi.do,출력결과 명세표 항목명(영문) 열,column_name,verified,
measurement,WQ-005,,itemTn,NIER_WQ_API,2026-08-05,https://www.data.go.kr/data/15081073/openapi.do,출력결과 명세표 항목명(영문) 열,column_name,verified,
measurement,WQ-006,,itemTp,NIER_WQ_API,2026-08-05,https://www.data.go.kr/data/15081073/openapi.do,출력결과 명세표 항목명(영문) 열,column_name,verified,
measurement,WQ-008,,itemPh,NIER_WQ_API,2026-08-05,https://www.data.go.kr/data/15081073/openapi.do,출력결과 명세표 항목명(영문) 열,column_name,verified,
measurement,WQ-009,,itemTemp,NIER_WQ_API,2026-08-05,https://www.data.go.kr/data/15081073/openapi.do,출력결과 명세표 항목명(영문) 열,column_name,verified,
measurement,WQ-010,,itemCol,NIER_WQ_API,2026-08-05,https://www.data.go.kr/data/15081073/openapi.do,출력결과 명세표 항목명(영문) 열,column_name,verified,
measurement,WQ-011,,itemTcoli,NIER_WQ_API,2026-08-05,https://www.data.go.kr/data/15081073/openapi.do,출력결과 명세표 항목명(영문) 열,column_name,verified,
measurement,WQ-013,,itemNhex,NIER_WQ_API,2026-08-05,https://www.data.go.kr/data/15081073/openapi.do,출력결과 명세표 항목명(영문) 열,column_name,verified,
measurement,WQ-014,,itemAbs,NIER_WQ_API,2026-08-05,https://www.data.go.kr/data/15081073/openapi.do,출력결과 명세표 항목명(영문) 열,column_name,verified,
measurement,WQ-015,,itemPhenol,NIER_WQ_API,2026-08-05,https://www.data.go.kr/data/15081073/openapi.do,출력결과 명세표 항목명(영문) 열,column_name,verified,명세의 국문 설명이 'n-Hex 추출물질'로 itemNhex와 중복 기재됨(원문 오류). 필드명 기준으로 페놀류에 매핑
measurement,WQ-016,,itemCn,NIER_WQ_API,2026-08-05,https://www.data.go.kr/data/15081073/openapi.do,출력결과 명세표 항목명(영문) 열,column_name,verified,
measurement,WQ-017,,itemCr,NIER_WQ_API,2026-08-05,https://www.data.go.kr/data/15081073/openapi.do,출력결과 명세표 항목명(영문) 열,column_name,verified,
measurement,WQ-018,,itemCr6,NIER_WQ_API,2026-08-05,https://www.data.go.kr/data/15081073/openapi.do,출력결과 명세표 항목명(영문) 열,column_name,verified,
measurement,WQ-019,,itemCd,NIER_WQ_API,2026-08-05,https://www.data.go.kr/data/15081073/openapi.do,출력결과 명세표 항목명(영문) 열,column_name,verified,
measurement,WQ-020,,itemHg,NIER_WQ_API,2026-08-05,https://www.data.go.kr/data/15081073/openapi.do,출력결과 명세표 항목명(영문) 열,column_name,verified,
measurement,WQ-021,,itemPb,NIER_WQ_API,2026-08-05,https://www.data.go.kr/data/15081073/openapi.do,출력결과 명세표 항목명(영문) 열,column_name,verified,
measurement,WQ-022,,itemAs,NIER_WQ_API,2026-08-05,https://www.data.go.kr/data/15081073/openapi.do,출력결과 명세표 항목명(영문) 열,column_name,verified,
measurement,WQ-023,,itemCu,NIER_WQ_API,2026-08-05,https://www.data.go.kr/data/15081073/openapi.do,출력결과 명세표 항목명(영문) 열,column_name,verified,
measurement,WQ-024,,itemZn,NIER_WQ_API,2026-08-05,https://www.data.go.kr/data/15081073/openapi.do,출력결과 명세표 항목명(영문) 열,column_name,verified,
measurement,WQ-025,,itemFe,NIER_WQ_API,2026-08-05,https://www.data.go.kr/data/15081073/openapi.do,출력결과 명세표 항목명(영문) 열,column_name,verified,
measurement,WQ-026,,itemMn,NIER_WQ_API,2026-08-05,https://www.data.go.kr/data/15081073/openapi.do,출력결과 명세표 항목명(영문) 열,column_name,verified,
measurement,WQ-027,,itemFl,NIER_WQ_API,2026-08-05,https://www.data.go.kr/data/15081073/openapi.do,출력결과 명세표 항목명(영문) 열,column_name,verified,
measurement,WQ-028,,itemOp,NIER_WQ_API,2026-08-05,https://www.data.go.kr/data/15081073/openapi.do,출력결과 명세표 항목명(영문) 열,column_name,verified,
measurement,WQ-029,,itemPcb,NIER_WQ_API,2026-08-05,https://www.data.go.kr/data/15081073/openapi.do,출력결과 명세표 항목명(영문) 열,column_name,verified,
measurement,WQ-032,,itemTce,NIER_WQ_API,2026-08-05,https://www.data.go.kr/data/15081073/openapi.do,출력결과 명세표 항목명(영문) 열,column_name,verified,
measurement,WQ-033,,itemPce,NIER_WQ_API,2026-08-05,https://www.data.go.kr/data/15081073/openapi.do,출력결과 명세표 항목명(영문) 열,column_name,verified,
measurement,WQ-034,,itemBenzene,NIER_WQ_API,2026-08-05,https://www.data.go.kr/data/15081073/openapi.do,출력결과 명세표 항목명(영문) 열,column_name,verified,
measurement,WQ-035,,itemDcm,NIER_WQ_API,2026-08-05,https://www.data.go.kr/data/15081073/openapi.do,출력결과 명세표 항목명(영문) 열,column_name,verified,
measurement,WQ-036,,itemDceth,NIER_WQ_API,2026-08-05,https://www.data.go.kr/data/15081073/openapi.do,출력결과 명세표 항목명(영문) 열,column_name,verified,"명세 국문은 '1,2-다이클로로에탄'인데 코드는 1,1-DCE로 읽힐 소지 — 국문 설명 기준 매핑"
measurement,WQ-037,,itemChcl3,NIER_WQ_API,2026-08-05,https://www.data.go.kr/data/15081073/openapi.do,출력결과 명세표 항목명(영문) 열,column_name,verified,
measurement,WQ-038,,itemDiox,NIER_WQ_API,2026-08-05,https://www.data.go.kr/data/15081073/openapi.do,출력결과 명세표 항목명(영문) 열,column_name,verified,
measurement,WQ-039,,itemHcho,NIER_WQ_API,2026-08-05,https://www.data.go.kr/data/15081073/openapi.do,출력결과 명세표 항목명(영문) 열,column_name,verified,
measurement,WQ-045,,itemSe,NIER_WQ_API,2026-08-05,https://www.data.go.kr/data/15081073/openapi.do,출력결과 명세표 항목명(영문) 열,column_name,verified,명세의 국문 설명이 '세슘'으로 기재됨(원문 오류). 필드명 Se 기준으로 셀레늄에 매핑
measurement,WQ-046,,itemBa,NIER_WQ_API,2026-08-05,https://www.data.go.kr/data/15081073/openapi.do,출력결과 명세표 항목명(영문) 열,column_name,verified,
measurement,WQ-048,,itemCcl4,NIER_WQ_API,2026-08-05,https://www.data.go.kr/data/15081073/openapi.do,출력결과 명세표 항목명(영문) 열,column_name,verified,
measurement,WQ-050,,itemNi,NIER_WQ_API,2026-08-05,https://www.data.go.kr/data/15081073/openapi.do,출력결과 명세표 항목명(영문) 열,column_name,verified,
measurement,WQ-051,,itemDehp,NIER_WQ_API,2026-08-05,https://www.data.go.kr/data/15081073/openapi.do,출력결과 명세표 항목명(영문) 열,column_name,verified,
measurement,WQ-059,,itemAntimon,NIER_WQ_API,2026-08-05,https://www.data.go.kr/data/15081073/openapi.do,출력결과 명세표 항목명(영문) 열,column_name,verified,
measurement,WQ-060,,itemDoc,NIER_WQ_API,2026-08-05,https://www.data.go.kr/data/15081073/openapi.do,출력결과 명세표 항목명(영문) 열,column_name,verified,
measurement,WQ-061,,itemCloa,NIER_WQ_API,2026-08-05,https://www.data.go.kr/data/15081073/openapi.do,출력결과 명세표 항목명(영문) 열,column_name,verified,
measurement,WQ-062,,itemEc,NIER_WQ_API,2026-08-05,https://www.data.go.kr/data/15081073/openapi.do,출력결과 명세표 항목명(영문) 열,column_name,verified,
measurement,WQ-063,,itemEcoli,NIER_WQ_API,2026-08-05,https://www.data.go.kr/data/15081073/openapi.do,출력결과 명세표 항목명(영문) 열,column_name,verified,
measurement,WQ-064,,itemNh3n,NIER_WQ_API,2026-08-05,https://www.data.go.kr/data/15081073/openapi.do,출력결과 명세표 항목명(영문) 열,column_name,verified,
measurement,WQ-065,,itemNo3n,NIER_WQ_API,2026-08-05,https://www.data.go.kr/data/15081073/openapi.do,출력결과 명세표 항목명(영문) 열,column_name,verified,
measurement,WQ-066,,itemPop,NIER_WQ_API,2026-08-05,https://www.data.go.kr/data/15081073/openapi.do,출력결과 명세표 항목명(영문) 열,column_name,verified,
measurement,WQ-067,,itemDtn,NIER_WQ_API,2026-08-05,https://www.data.go.kr/data/15081073/openapi.do,출력결과 명세표 항목명(영문) 열,column_name,verified,
measurement,WQ-068,,itemDtp,NIER_WQ_API,2026-08-05,https://www.data.go.kr/data/15081073/openapi.do,출력결과 명세표 항목명(영문) 열,column_name,verified,
measurement,WQ-073,,itemTrans,NIER_WQ_API,2026-08-05,https://www.data.go.kr/data/15081073/openapi.do,출력결과 명세표 항목명(영문) 열,column_name,verified,
measurement,WQ-074,,itemLvl,NIER_WQ_API,2026-08-05,https://www.data.go.kr/data/15081073/openapi.do,출력결과 명세표 항목명(영문) 열,column_name,verified,
measurement,WQ-075,,itemAmnt,NIER_WQ_API,2026-08-05,https://www.data.go.kr/data/15081073/openapi.do,출력결과 명세표 항목명(영문) 열,column_name,verified,
measurement,WQ-076,,itemHcb,NIER_WQ_API,2026-08-05,https://www.data.go.kr/data/15081073/openapi.do,출력결과 명세표 항목명(영문) 열,column_name,verified,
metadata,,MD-001,ptNm,NIER_WQ_API,2026-08-05,https://www.data.go.kr/data/15081073/openapi.do,출력결과 명세표 항목명(영문) 열,column_name,verified,
metadata,,MD-002,ptNo,NIER_WQ_API,2026-08-05,https://www.data.go.kr/data/15081073/openapi.do,출력결과 명세표 항목명(영문) 열,column_name,verified,
metadata,,MD-015,addr,NIER_WQ_API,2026-08-05,https://www.data.go.kr/data/15081073/openapi.do,출력결과 명세표 항목명(영문) 열,column_name,verified,
metadata,,MD-022,orgNm,NIER_WQ_API,2026-08-05,https://www.data.go.kr/data/15081073/openapi.do,출력결과 명세표 항목명(영문) 열,column_name,verified,
metadata,,MD-008,wmyr,NIER_WQ_API,2026-08-05,https://www.data.go.kr/data/15081073/openapi.do,출력결과 명세표 항목명(영문) 열,column_name,verified,
metadata,,MD-009,wmod,NIER_WQ_API,2026-08-05,https://www.data.go.kr/data/15081073/openapi.do,출력결과 명세표 항목명(영문) 열,column_name,verified,
metadata,,MD-010,wmwk,NIER_WQ_API,2026-08-05,https://www.data.go.kr/data/15081073/openapi.do,출력결과 명세표 항목명(영문) 열,column_name,verified,
metadata,,MD-006,wmcymd,NIER_WQ_API,2026-08-05,https://www.data.go.kr/data/15081073/openapi.do,출력결과 명세표 항목명(영문) 열,column_name,verified,
metadata,,MD-024,wmdep,NIER_WQ_API,2026-08-05,https://www.data.go.kr/data/15081073/openapi.do,출력결과 명세표 항목명(영문) 열,column_name,verified,
metadata,,MD-027,rowno,NIER_WQ_API,2026-08-05,https://www.data.go.kr/data/15081073/openapi.do,출력결과 명세표 항목명(영문) 열,column_name,verified,
metadata,,MD-028,totalCount,NIER_WQ_API,2026-08-05,https://www.data.go.kr/data/15081073/openapi.do,출력결과 명세표 항목명(영문) 열,column_name,verified,
metadata,,MD-013,latDgr,NIER_WQ_API,2026-08-05,https://www.data.go.kr/data/15081073/openapi.do,,column_name,verified,도/분/초 분리 필드 — 십진도 환산 필요
metadata,,MD-013,latMin,NIER_WQ_API,2026-08-05,https://www.data.go.kr/data/15081073/openapi.do,,column_name,verified,도/분/초 분리 필드 — 십진도 환산 필요
metadata,,MD-013,latSec,NIER_WQ_API,2026-08-05,https://www.data.go.kr/data/15081073/openapi.do,,column_name,verified,도/분/초 분리 필드 — 십진도 환산 필요
metadata,,MD-014,lonDgr,NIER_WQ_API,2026-08-05,https://www.data.go.kr/data/15081073/openapi.do,,column_name,verified,도/분/초 분리 필드 — 십진도 환산 필요
metadata,,MD-014,lonMin,NIER_WQ_API,2026-08-05,https://www.data.go.kr/data/15081073/openapi.do,,column_name,verified,도/분/초 분리 필드 — 십진도 환산 필요
metadata,,MD-014,lonSec,NIER_WQ_API,2026-08-05,https://www.data.go.kr/data/15081073/openapi.do,,column_name,verified,도/분/초 분리 필드 — 십진도 환산 필요
measurement,WQ-009,,WATT,SEOUL_WPOS,2026-08-05,http://openapi.seoul.go.kr:8088/sample/json/WPOSInformationTime/1/5/,"{""YMD"":""20260805"",""HR"":""20:00"",""MSRSTN_NM"":""탄천"",""WATT"":""32.1"",...}",column_name,verified,도메인 지식 없이는 전력(Watt)으로 오해하기 쉬운 축약 — 사전 없이는 자동 매핑 불가한 대표 사례
measurement,WQ-008,,TOT_PH,SEOUL_WPOS,2026-08-05,http://openapi.seoul.go.kr:8088/sample/json/WPOSInformationTime/1/5/,"{""YMD"":""20260805"",""HR"":""20:00"",""MSRSTN_NM"":""탄천"",""WATT"":""32.1"",...}",column_name,verified,
measurement,WQ-060,,TOT_DO,SEOUL_WPOS,2026-08-05,http://openapi.seoul.go.kr:8088/sample/json/WPOSInformationTime/1/5/,"{""YMD"":""20260805"",""HR"":""20:00"",""MSRSTN_NM"":""탄천"",""WATT"":""32.1"",...}",column_name,verified,
measurement,WQ-005,,TOT_N,SEOUL_WPOS,2026-08-05,http://openapi.seoul.go.kr:8088/sample/json/WPOSInformationTime/1/5/,"{""YMD"":""20260805"",""HR"":""20:00"",""MSRSTN_NM"":""탄천"",""WATT"":""32.1"",...}",column_name,verified,
measurement,WQ-006,,TOT_TP,SEOUL_WPOS,2026-08-05,http://openapi.seoul.go.kr:8088/sample/json/WPOSInformationTime/1/5/,"{""YMD"":""20260805"",""HR"":""20:00"",""MSRSTN_NM"":""탄천"",""WATT"":""32.1"",...}",column_name,verified,
measurement,WQ-002,,TOT_OC,SEOUL_WPOS,2026-08-05,http://openapi.seoul.go.kr:8088/sample/json/WPOSInformationTime/1/5/,"{""YMD"":""20260805"",""HR"":""20:00"",""MSRSTN_NM"":""탄천"",""WATT"":""32.1"",...}",column_name,verified,
measurement,WQ-030,,PHNL,SEOUL_WPOS,2026-08-05,http://openapi.seoul.go.kr:8088/sample/json/WPOSInformationTime/1/5/,"{""YMD"":""20260805"",""HR"":""20:00"",""MSRSTN_NM"":""탄천"",""WATT"":""32.1"",...}",column_name,verified,
measurement,WQ-016,,CN,SEOUL_WPOS,2026-08-05,http://openapi.seoul.go.kr:8088/sample/json/WPOSInformationTime/1/5/,"{""YMD"":""20260805"",""HR"":""20:00"",""MSRSTN_NM"":""탄천"",""WATT"":""32.1"",...}",column_name,verified,
metadata,,MD-006,YMD,SEOUL_WPOS,2026-08-05,http://openapi.seoul.go.kr:8088/sample/json/WPOSInformationTime/1/5/,실제 API 응답 row 키,column_name,verified,
metadata,,MD-012,HR,SEOUL_WPOS,2026-08-05,http://openapi.seoul.go.kr:8088/sample/json/WPOSInformationTime/1/5/,실제 API 응답 row 키,column_name,verified,
metadata,,MD-001,MSRSTN_NM,SEOUL_WPOS,2026-08-05,http://openapi.seoul.go.kr:8088/sample/json/WPOSInformationTime/1/5/,실제 API 응답 row 키,column_name,verified,
measurement,WQ-009,,수온,DATAGO_JB,2026-08-05,https://www.data.go.kr/data/3038768/fileData.do,"연도,월,시도 명,시군구 명,읍면동 명,동리 명,측정소 명,수온,수소이온농도,...",column_name,verified,
measurement,WQ-008,,수소이온농도,DATAGO_JB,2026-08-05,https://www.data.go.kr/data/3038768/fileData.do,"연도,월,시도 명,시군구 명,읍면동 명,동리 명,측정소 명,수온,수소이온농도,...",column_name,verified,
measurement,WQ-060,,용존산소,DATAGO_JB,2026-08-05,https://www.data.go.kr/data/3038768/fileData.do,"연도,월,시도 명,시군구 명,읍면동 명,동리 명,측정소 명,수온,수소이온농도,...",column_name,verified,
measurement,WQ-001,,생화학적 산소요구량,DATAGO_JB,2026-08-05,https://www.data.go.kr/data/3038768/fileData.do,"연도,월,시도 명,시군구 명,읍면동 명,동리 명,측정소 명,수온,수소이온농도,...",column_name,verified,
measurement,WQ-003,,화학적 산소요구량,DATAGO_JB,2026-08-05,https://www.data.go.kr/data/3038768/fileData.do,"연도,월,시도 명,시군구 명,읍면동 명,동리 명,측정소 명,수온,수소이온농도,...",column_name,verified,
measurement,WQ-004,,부유물질,DATAGO_JB,2026-08-05,https://www.data.go.kr/data/3038768/fileData.do,"연도,월,시도 명,시군구 명,읍면동 명,동리 명,측정소 명,수온,수소이온농도,...",column_name,verified,
measurement,WQ-005,,총질소,DATAGO_JB,2026-08-05,https://www.data.go.kr/data/3038768/fileData.do,"연도,월,시도 명,시군구 명,읍면동 명,동리 명,측정소 명,수온,수소이온농도,...",column_name,verified,
measurement,WQ-006,,총인,DATAGO_JB,2026-08-05,https://www.data.go.kr/data/3038768/fileData.do,"연도,월,시도 명,시군구 명,읍면동 명,동리 명,측정소 명,수온,수소이온농도,...",column_name,verified,
metadata,,MD-008,연도,DATAGO_JB,2026-08-05,https://www.data.go.kr/data/3038768/fileData.do,CSV 헤더 1행,column_name,verified,공백을 포함한 한글 컬럼명
metadata,,MD-009,월,DATAGO_JB,2026-08-05,https://www.data.go.kr/data/3038768/fileData.do,CSV 헤더 1행,column_name,verified,공백을 포함한 한글 컬럼명
metadata,,MD-017,시도 명,DATAGO_JB,2026-08-05,https://www.data.go.kr/data/3038768/fileData.do,CSV 헤더 1행,column_name,verified,공백을 포함한 한글 컬럼명
metadata,,MD-018,시군구 명,DATAGO_JB,2026-08-05,https://www.data.go.kr/data/3038768/fileData.do,CSV 헤더 1행,column_name,verified,공백을 포함한 한글 컬럼명
metadata,,MD-020,읍면동 명,DATAGO_JB,2026-08-05,https://www.data.go.kr/data/3038768/fileData.do,CSV 헤더 1행,column_name,verified,공백을 포함한 한글 컬럼명
metadata,,MD-021,동리 명,DATAGO_JB,2026-08-05,https://www.data.go.kr/data/3038768/fileData.do,CSV 헤더 1행,column_name,verified,공백을 포함한 한글 컬럼명
metadata,,MD-001,측정소 명,DATAGO_JB,2026-08-05,https://www.data.go.kr/data/3038768/fileData.do,CSV 헤더 1행,column_name,verified,공백을 포함한 한글 컬럼명
measurement,WQ-009,,온도,DATAGO_JEJU,2026-08-05,https://www.data.go.kr/data/15064129/fileData.do,"해당연도,하천명,구분,시료채취일,온도,수소이온농도,생물화학적산소요구량,...",column_name,verified,
measurement,WQ-008,,수소이온농도,DATAGO_JEJU,2026-08-05,https://www.data.go.kr/data/15064129/fileData.do,"해당연도,하천명,구분,시료채취일,온도,수소이온농도,생물화학적산소요구량,...",column_name,verified,
measurement,WQ-001,,생물화학적산소요구량,DATAGO_JEJU,2026-08-05,https://www.data.go.kr/data/15064129/fileData.do,"해당연도,하천명,구분,시료채취일,온도,수소이온농도,생물화학적산소요구량,...",column_name,verified,
measurement,WQ-003,,화학적산소요구량,DATAGO_JEJU,2026-08-05,https://www.data.go.kr/data/15064129/fileData.do,"해당연도,하천명,구분,시료채취일,온도,수소이온농도,생물화학적산소요구량,...",column_name,verified,
measurement,WQ-002,,총 유기탄소,DATAGO_JEJU,2026-08-05,https://www.data.go.kr/data/15064129/fileData.do,"해당연도,하천명,구분,시료채취일,온도,수소이온농도,생물화학적산소요구량,...",column_name,verified,
measurement,WQ-004,,부유물질,DATAGO_JEJU,2026-08-05,https://www.data.go.kr/data/15064129/fileData.do,"해당연도,하천명,구분,시료채취일,온도,수소이온농도,생물화학적산소요구량,...",column_name,verified,
measurement,WQ-060,,용존산소,DATAGO_JEJU,2026-08-05,https://www.data.go.kr/data/15064129/fileData.do,"해당연도,하천명,구분,시료채취일,온도,수소이온농도,생물화학적산소요구량,...",column_name,verified,
measurement,WQ-006,,총인,DATAGO_JEJU,2026-08-05,https://www.data.go.kr/data/15064129/fileData.do,"해당연도,하천명,구분,시료채취일,온도,수소이온농도,생물화학적산소요구량,...",column_name,verified,
measurement,WQ-011,,총대장균군,DATAGO_JEJU,2026-08-05,https://www.data.go.kr/data/15064129/fileData.do,"해당연도,하천명,구분,시료채취일,온도,수소이온농도,생물화학적산소요구량,...",column_name,verified,
measurement,WQ-063,,분원성대장균군,DATAGO_JEJU,2026-08-05,https://www.data.go.kr/data/15064129/fileData.do,"해당연도,하천명,구분,시료채취일,온도,수소이온농도,생물화학적산소요구량,...",column_name,verified,
measurement,WQ-007,,생태독성(TU),DATAGO_JEJU,2026-08-05,https://www.data.go.kr/data/15064129/fileData.do,"해당연도,하천명,구분,시료채취일,온도,수소이온농도,생물화학적산소요구량,...",column_name,verified,
metadata,,MD-008,해당연도,DATAGO_JEJU,2026-08-05,https://www.data.go.kr/data/15064129/fileData.do,CSV 헤더 1행,column_name,verified,
metadata,,MD-003,하천명,DATAGO_JEJU,2026-08-05,https://www.data.go.kr/data/15064129/fileData.do,CSV 헤더 1행,column_name,verified,
metadata,,MD-011,시료채취일,DATAGO_JEJU,2026-08-05,https://www.data.go.kr/data/15064129/fileData.do,CSV 헤더 1행,column_name,verified,
metadata,,MD-022,관련부서,DATAGO_JEJU,2026-08-05,https://www.data.go.kr/data/15064129/fileData.do,CSV 헤더 1행,column_name,verified,
metadata,,MD-029,데이터기준일자,DATAGO_JEJU,2026-08-05,https://www.data.go.kr/data/15064129/fileData.do,CSV 헤더 1행,column_name,verified,
measurement,WQ-009,,수온,DATAGO_ANYANG,2026-08-05,https://www.data.go.kr/data/3079518/fileData.do,"측정소명,년,월,수온,용존산소량,생물학적 산소요구량,...,총소질소,총인,...",column_name,verified,
measurement,WQ-060,,용존산소량,DATAGO_ANYANG,2026-08-05,https://www.data.go.kr/data/3079518/fileData.do,"측정소명,년,월,수온,용존산소량,생물학적 산소요구량,...,총소질소,총인,...",column_name,verified,
measurement,WQ-001,,생물학적 산소요구량,DATAGO_ANYANG,2026-08-05,https://www.data.go.kr/data/3079518/fileData.do,"측정소명,년,월,수온,용존산소량,생물학적 산소요구량,...,총소질소,총인,...",column_name,verified,
measurement,WQ-003,,화학적 산소요구량,DATAGO_ANYANG,2026-08-05,https://www.data.go.kr/data/3079518/fileData.do,"측정소명,년,월,수온,용존산소량,생물학적 산소요구량,...,총소질소,총인,...",column_name,verified,
measurement,WQ-004,,부유물질,DATAGO_ANYANG,2026-08-05,https://www.data.go.kr/data/3079518/fileData.do,"측정소명,년,월,수온,용존산소량,생물학적 산소요구량,...,총소질소,총인,...",column_name,verified,
measurement,WQ-006,,총인,DATAGO_ANYANG,2026-08-05,https://www.data.go.kr/data/3079518/fileData.do,"측정소명,년,월,수온,용존산소량,생물학적 산소요구량,...,총소질소,총인,...",column_name,verified,
measurement,WQ-002,,총유기탄소,DATAGO_ANYANG,2026-08-05,https://www.data.go.kr/data/3079518/fileData.do,"측정소명,년,월,수온,용존산소량,생물학적 산소요구량,...,총소질소,총인,...",column_name,verified,
measurement,WQ-008,,수소이온농도,DATAGO_ANYANG,2026-08-05,https://www.data.go.kr/data/3079518/fileData.do,"측정소명,년,월,수온,용존산소량,생물학적 산소요구량,...,총소질소,총인,...",column_name,verified,
measurement,WQ-015,,페놀류,DATAGO_ANYANG,2026-08-05,https://www.data.go.kr/data/3079518/fileData.do,"측정소명,년,월,수온,용존산소량,생물학적 산소요구량,...,총소질소,총인,...",column_name,verified,
measurement,WQ-062,,전기전도도,DATAGO_ANYANG,2026-08-05,https://www.data.go.kr/data/3079518/fileData.do,"측정소명,년,월,수온,용존산소량,생물학적 산소요구량,...,총소질소,총인,...",column_name,verified,
measurement,WQ-011,,총대장균군수,DATAGO_ANYANG,2026-08-05,https://www.data.go.kr/data/3079518/fileData.do,"측정소명,년,월,수온,용존산소량,생물학적 산소요구량,...,총소질소,총인,...",column_name,verified,
measurement,WQ-065,,질산성 질소,DATAGO_ANYANG,2026-08-05,https://www.data.go.kr/data/3079518/fileData.do,"측정소명,년,월,수온,용존산소량,생물학적 산소요구량,...,총소질소,총인,...",column_name,verified,
measurement,WQ-068,,용존총인,DATAGO_ANYANG,2026-08-05,https://www.data.go.kr/data/3079518/fileData.do,"측정소명,년,월,수온,용존산소량,생물학적 산소요구량,...,총소질소,총인,...",column_name,verified,
measurement,WQ-066,,인산염인,DATAGO_ANYANG,2026-08-05,https://www.data.go.kr/data/3079518/fileData.do,"측정소명,년,월,수온,용존산소량,생물학적 산소요구량,...,총소질소,총인,...",column_name,verified,
measurement,WQ-061,,클로로필,DATAGO_ANYANG,2026-08-05,https://www.data.go.kr/data/3079518/fileData.do,"측정소명,년,월,수온,용존산소량,생물학적 산소요구량,...,총소질소,총인,...",column_name,verified,
measurement,WQ-063,,분원성대장균군수,DATAGO_ANYANG,2026-08-05,https://www.data.go.kr/data/3079518/fileData.do,"측정소명,년,월,수온,용존산소량,생물학적 산소요구량,...,총소질소,총인,...",column_name,verified,
measurement,WQ-005,,총소질소,DATAGO_ANYANG,2026-08-05,https://www.data.go.kr/data/3079518/fileData.do,"...부유물질,총소질소,총인,총유기탄소,...",typo,verified,'총질소'의 오타가 원본 CSV에 그대로 유통 중. 오타를 사전에 등록해야 이 데이터가 매칭된다
metadata,,MD-001,측정소명,DATAGO_ANYANG,2026-08-05,https://www.data.go.kr/data/3079518/fileData.do,CSV 헤더 1행,column_name,verified,
metadata,,MD-008,년,DATAGO_ANYANG,2026-08-05,https://www.data.go.kr/data/3079518/fileData.do,CSV 헤더 1행,column_name,verified,
metadata,,MD-009,월,DATAGO_ANYANG,2026-08-05,https://www.data.go.kr/data/3079518/fileData.do,CSV 헤더 1행,column_name,verified,
metadata,,MD-029,데이터기준일자,DATAGO_ANYANG,2026-08-05,https://www.data.go.kr/data/3079518/fileData.do,CSV 헤더 1행,column_name,verified,
measurement,WQ-001,,생물학적 산소요구량(BOD_L당mg),DATAGO_GIMHAE,2026-08-05,https://www.data.go.kr/data/15092533/fileData.do,"하천명,소재지,생물학적 산소요구량(BOD_L당mg),총유기탄소(TOC_L당mg),...",column_name,verified,단위를 컬럼명 안에 넣은 사례 — 정규화 시 괄호를 지우면 다른 항목과 충돌할 수 있어 표기 그대로 보존
measurement,WQ-002,,총유기탄소(TOC_L당mg),DATAGO_GIMHAE,2026-08-05,https://www.data.go.kr/data/15092533/fileData.do,"하천명,소재지,생물학적 산소요구량(BOD_L당mg),총유기탄소(TOC_L당mg),...",column_name,verified,단위를 컬럼명 안에 넣은 사례 — 정규화 시 괄호를 지우면 다른 항목과 충돌할 수 있어 표기 그대로 보존
measurement,WQ-004,,부유물질량(SS_L당mg),DATAGO_GIMHAE,2026-08-05,https://www.data.go.kr/data/15092533/fileData.do,"하천명,소재지,생물학적 산소요구량(BOD_L당mg),총유기탄소(TOC_L당mg),...",column_name,verified,단위를 컬럼명 안에 넣은 사례 — 정규화 시 괄호를 지우면 다른 항목과 충돌할 수 있어 표기 그대로 보존
measurement,WQ-005,,총 질소(T-N_L당mg),DATAGO_GIMHAE,2026-08-05,https://www.data.go.kr/data/15092533/fileData.do,"하천명,소재지,생물학적 산소요구량(BOD_L당mg),총유기탄소(TOC_L당mg),...",column_name,verified,단위를 컬럼명 안에 넣은 사례 — 정규화 시 괄호를 지우면 다른 항목과 충돌할 수 있어 표기 그대로 보존
measurement,WQ-006,,총 인(T-P_L당mg),DATAGO_GIMHAE,2026-08-05,https://www.data.go.kr/data/15092533/fileData.do,"하천명,소재지,생물학적 산소요구량(BOD_L당mg),총유기탄소(TOC_L당mg),...",column_name,verified,단위를 컬럼명 안에 넣은 사례 — 정규화 시 괄호를 지우면 다른 항목과 충돌할 수 있어 표기 그대로 보존
metadata,,MD-003,하천명,DATAGO_GIMHAE,2026-08-05,https://www.data.go.kr/data/15092533/fileData.do,CSV 헤더 1행,column_name,verified,
metadata,,MD-015,소재지,DATAGO_GIMHAE,2026-08-05,https://www.data.go.kr/data/15092533/fileData.do,CSV 헤더 1행,column_name,verified,
metadata,,MD-011,시료채취일,DATAGO_GIMHAE,2026-08-05,https://www.data.go.kr/data/15092533/fileData.do,CSV 헤더 1행,column_name,verified,
measurement,WQ-071,,일반세균,DATAGO_DANGJIN,2026-08-05,https://www.data.go.kr/,"번호,접수일,규격명,채수지,위치,결과,일반세균,...",column_name,verified,
measurement,WQ-011,,총대장균군,DATAGO_DANGJIN,2026-08-05,https://www.data.go.kr/,"번호,접수일,규격명,채수지,위치,결과,일반세균,...",column_name,verified,
measurement,WQ-008,,수소이온농도,DATAGO_DANGJIN,2026-08-05,https://www.data.go.kr/,"번호,접수일,규격명,채수지,위치,결과,일반세균,...",column_name,verified,
measurement,WQ-069,,탁도,DATAGO_DANGJIN,2026-08-05,https://www.data.go.kr/,"번호,접수일,규격명,채수지,위치,결과,일반세균,...",column_name,verified,
measurement,WQ-071,,일반세균 중온,DATAGO_BUSAN,2026-08-05,https://www.data.go.kr/,"번호,공동시설명,검사여부,미검사사유,검사일자,검사결과,일반세균 중온,...",column_name,verified,
measurement,WQ-011,,총대장균군,DATAGO_BUSAN,2026-08-05,https://www.data.go.kr/,"번호,공동시설명,검사여부,미검사사유,검사일자,검사결과,일반세균 중온,...",column_name,verified,
measurement,WQ-063,,분원성대장균군,DATAGO_BUSAN,2026-08-05,https://www.data.go.kr/,"번호,공동시설명,검사여부,미검사사유,검사일자,검사결과,일반세균 중온,...",column_name,verified,
measurement,WQ-064,,암모니아성 질소,DATAGO_BUSAN,2026-08-05,https://www.data.go.kr/,"번호,공동시설명,검사여부,미검사사유,검사일자,검사결과,일반세균 중온,...",column_name,verified,
measurement,WQ-065,,질산성 질소,DATAGO_BUSAN,2026-08-05,https://www.data.go.kr/,"번호,공동시설명,검사여부,미검사사유,검사일자,검사결과,일반세균 중온,...",column_name,verified,
measurement,WQ-072,,과망간산칼륨소비량,DATAGO_BUSAN,2026-08-05,https://www.data.go.kr/,"번호,공동시설명,검사여부,미검사사유,검사일자,검사결과,일반세균 중온,...",column_name,verified,
metadata,,MD-004,공동시설명,DATAGO_BUSAN,2026-08-05,https://www.data.go.kr/,"번호,공동시설명,검사여부,미검사사유,검사일자,검사결과,...",column_name,draft,약수터는 정수장이 아니라 공동이용시설이라 시설명 계열로 본다
metadata,,MD-006,검사일자,DATAGO_BUSAN,2026-08-05,https://www.data.go.kr/,"번호,공동시설명,검사여부,미검사사유,검사일자,검사결과,...",column_name,draft,값이 YYYY-MM-DD 날짜임을 실데이터로 확인
metadata,,MD-025,검사결과,DATAGO_BUSAN,2026-08-05,https://www.data.go.kr/,"번호,공동시설명,검사여부,미검사사유,검사일자,검사결과,...",column_name,draft,고유값이 '적합'/'부적합' 2종뿐이므로 측정치가 아니라 적합여부 판정이다
metadata,,MD-031,검사여부,DATAGO_BUSAN,2026-08-05,https://www.data.go.kr/,"번호,공동시설명,검사여부,미검사사유,검사일자,검사결과,...",column_name,draft,고유값 '검사'/'미검사' 2종
metadata,,MD-032,미검사사유,DATAGO_BUSAN,2026-08-05,https://www.data.go.kr/,"번호,공동시설명,검사여부,미검사사유,검사일자,검사결과,...",column_name,draft,"값 예: '수량부족', '12.23일 지정해제'"
measurement,WQ-008,,PH_ITEM_VL,GG_WATER_API,2026-08-05,https://data.gg.go.kr/portal/data/openapi/selectOpenApiMeta.do?infId=A8F378W1HRG03Q4GJHT423038583&infSeq=2,<PH_ITEM_VL>7.4102</PH_ITEM_VL><TUBDTY_ITEM_VL>0.0507</TUBDTY_ITEM_VL>,column_name,verified,'<항목약어>_ITEM_VL' 패턴 — 접미사 규칙으로 후보 추출 가능
measurement,WQ-069,,TUBDTY_ITEM_VL,GG_WATER_API,2026-08-05,https://data.gg.go.kr/portal/data/openapi/selectOpenApiMeta.do?infId=A8F378W1HRG03Q4GJHT423038583&infSeq=2,<PH_ITEM_VL>7.4102</PH_ITEM_VL><TUBDTY_ITEM_VL>0.0507</TUBDTY_ITEM_VL>,column_name,verified,'<항목약어>_ITEM_VL' 패턴 — 접미사 규칙으로 후보 추출 가능
measurement,WQ-070,,RSDLCR_ITEM_VL,GG_WATER_API,2026-08-05,https://data.gg.go.kr/portal/data/openapi/selectOpenApiMeta.do?infId=A8F378W1HRG03Q4GJHT423038583&infSeq=2,<PH_ITEM_VL>7.4102</PH_ITEM_VL><TUBDTY_ITEM_VL>0.0507</TUBDTY_ITEM_VL>,column_name,verified,'<항목약어>_ITEM_VL' 패턴 — 접미사 규칙으로 후보 추출 가능
metadata,,MD-007,OCCUR_DE_TM,GG_WATER_API,2026-08-05,https://data.gg.go.kr/portal/data/openapi/selectOpenApiMeta.do?infId=A8F378W1HRG03Q4GJHT423038583&infSeq=2,메타 JSON columns[].colId,column_name,verified,
metadata,,MD-019,SIGUN_CD,GG_WATER_API,2026-08-05,https://data.gg.go.kr/portal/data/openapi/selectOpenApiMeta.do?infId=A8F378W1HRG03Q4GJHT423038583&infSeq=2,메타 JSON columns[].colId,column_name,verified,
metadata,,MD-018,SIGUN_NM,GG_WATER_API,2026-08-05,https://data.gg.go.kr/portal/data/openapi/selectOpenApiMeta.do?infId=A8F378W1HRG03Q4GJHT423038583&infSeq=2,메타 JSON columns[].colId,column_name,verified,
metadata,,MD-004,FACLT_NM,GG_WATER_API,2026-08-05,https://data.gg.go.kr/portal/data/openapi/selectOpenApiMeta.do?infId=A8F378W1HRG03Q4GJHT423038583&infSeq=2,메타 JSON columns[].colId,column_name,verified,
metadata,,MD-005,FACLT_NO,GG_WATER_API,2026-08-05,https://data.gg.go.kr/portal/data/openapi/selectOpenApiMeta.do?infId=A8F378W1HRG03Q4GJHT423038583&infSeq=2,메타 JSON columns[].colId,column_name,verified,
metadata,,MD-015,LOCPLC_ADDR,GG_WATER_API,2026-08-05,https://data.gg.go.kr/portal/data/openapi/selectOpenApiMeta.do?infId=A8F378W1HRG03Q4GJHT423038583&infSeq=2,메타 JSON columns[].colId,column_name,verified,
metadata,,MD-023,USWTR_DIV_NM,GG_WATER_API,2026-08-05,https://data.gg.go.kr/portal/data/openapi/selectOpenApiMeta.do?infId=A8F378W1HRG03Q4GJHT423038583&infSeq=2,메타 JSON columns[].colId,column_name,verified,
metadata,,MD-008,SUM_YY,GG_SPRING_API,2026-08-05,https://data.gg.go.kr/portal/data/service/selectServicePage.do?infId=3PS7152M60Q0ZAG0427012039966&infSeq=3,상세페이지 출력필드 명세 19개,column_name,verified,
metadata,,MD-018,SIGUN_NM,GG_SPRING_API,2026-08-05,https://data.gg.go.kr/portal/data/service/selectServicePage.do?infId=3PS7152M60Q0ZAG0427012039966&infSeq=3,상세페이지 출력필드 명세 19개,column_name,verified,
metadata,,MD-030,SPOT_NO,GG_SPRING_API,2026-08-05,https://data.gg.go.kr/portal/data/service/selectServicePage.do?infId=3PS7152M60Q0ZAG0427012039966&infSeq=3,상세페이지 출력필드 명세 19개,column_name,verified,
metadata,,MD-011,WATRSMPL_DE,GG_SPRING_API,2026-08-05,https://data.gg.go.kr/portal/data/service/selectServicePage.do?infId=3PS7152M60Q0ZAG0427012039966&infSeq=3,상세페이지 출력필드 명세 19개,column_name,verified,
metadata,,MD-025,MESURE_RESLT_SUITBLT_YN,GG_SPRING_API,2026-08-05,https://data.gg.go.kr/portal/data/service/selectServicePage.do?infId=3PS7152M60Q0ZAG0427012039966&infSeq=3,상세페이지 출력필드 명세 19개,column_name,verified,
metadata,,MD-026,EXCESS_ITEM_NM,GG_SPRING_API,2026-08-05,https://data.gg.go.kr/portal/data/service/selectServicePage.do?infId=3PS7152M60Q0ZAG0427012039966&infSeq=3,상세페이지 출력필드 명세 19개,column_name,verified,
metadata,,MD-016,REFINE_ROADNM_ADDR,GG_SPRING_API,2026-08-05,https://data.gg.go.kr/portal/data/service/selectServicePage.do?infId=3PS7152M60Q0ZAG0427012039966&infSeq=3,상세페이지 출력필드 명세 19개,column_name,verified,
metadata,,MD-015,REFINE_LOTNO_ADDR,GG_SPRING_API,2026-08-05,https://data.gg.go.kr/portal/data/service/selectServicePage.do?infId=3PS7152M60Q0ZAG0427012039966&infSeq=3,상세페이지 출력필드 명세 19개,column_name,verified,
metadata,,MD-013,REFINE_WGS84_LAT,GG_SPRING_API,2026-08-05,https://data.gg.go.kr/portal/data/service/selectServicePage.do?infId=3PS7152M60Q0ZAG0427012039966&infSeq=3,상세페이지 출력필드 명세 19개,column_name,verified,
metadata,,MD-014,REFINE_WGS84_LOGT,GG_SPRING_API,2026-08-05,https://data.gg.go.kr/portal/data/service/selectServicePage.do?infId=3PS7152M60Q0ZAG0427012039966&infSeq=3,상세페이지 출력필드 명세 19개,column_name,verified,
metadata,,MD-019,SIGUN_CD,GG_SPRING_API,2026-08-05,https://data.gg.go.kr/portal/data/service/selectServicePage.do?infId=3PS7152M60Q0ZAG0427012039966&infSeq=3,상세페이지 출력필드 명세 19개,column_name,verified,
metadata,,MD-004,측정시설명,MANUAL,2026-08-05,,,deprecated_std_name,verified,2026-08-08 표준용어 '시설명' 채택으로 대체된 구 표준명
metadata,,MD-005,측정시설번호,MANUAL,2026-08-05,,,deprecated_std_name,verified,2026-08-08 표준용어 '시설번호' 채택으로 대체된 구 표준명
measurement,WQ-001,,생물화학적 산소요구량,LAW_ANNEX13,2026-08-05,https://www.law.go.kr/법령/물환경보전법시행규칙,가목 2) 표: '생물화학적산소요구량(㎎/L)'과 '생물화학적 산소요구량(㎎/L)'이 같은 표에 병존,legal_variant,verified,법령 원문조차 한 표 안에서 띄어쓰기가 흔들린다
measurement,WQ-029,,폴리클로리네이티드바이페닐(PCB)함유량,LAW_ANNEX13,2026-08-05,https://www.law.go.kr/법령/물환경보전법시행규칙,나목 8) 2019.1.1~2020.12.31 기준표,legal_variant,verified,현행(2021~) 표기는 'PCB함유량'으로 축약됨
measurement,WQ-027,,플루오르(불소)함유량,LAW_ANNEX13,2026-08-05,https://www.law.go.kr/법령/물환경보전법시행규칙,,legal_variant,draft,PDF 텍스트 추출 결과는 '플로오르(불소)'. 정오표 가능성 있어 국가법령정보센터 원문 재확인 필요
measurement,WQ-023,,구리함유량,LAW_ANNEX13,2026-08-05,https://www.law.go.kr/법령/물환경보전법시행규칙,"나목 1) 2007년 기준표는 '구리함유량', 2011년 이후는 '구리(동)함유량'",legal_variant,verified,
measurement,WQ-011,,총대장균군수,LAW_ANNEX13,2026-08-05,https://www.law.go.kr/법령/물환경보전법시행규칙,총대장균군(群)(총대장균군수)(㎖),legal_variant,verified,
measurement,WQ-023,,구리와 그 화합물,LAW_ANNEX3,2026-08-05,https://www.law.go.kr/lsBylInfoPLinkR.do?bylCls=BE&lsNm=%EB%AC%BC%ED%99%98%EA%B2%BD%EB%B3%B4%EC%A0%84%EB%B2%95+%EC%8B%9C%ED%96%89%EA%B7%9C%EC%B9%99&bylNo=0003&bylBrNo=00,별표 3 제1호,legal_variant,verified,특정수질유해물질 목록의 정본 표기. 별표 13의 '구리(동)함유량'과 같은 물질
measurement,WQ-021,,납과 그 화합물,LAW_ANNEX3,2026-08-05,https://www.law.go.kr/lsBylInfoPLinkR.do?bylCls=BE&lsNm=%EB%AC%BC%ED%99%98%EA%B2%BD%EB%B3%B4%EC%A0%84%EB%B2%95+%EC%8B%9C%ED%96%89%EA%B7%9C%EC%B9%99&bylNo=0003&bylBrNo=00,별표 3 제2호,legal_variant,verified,특정수질유해물질 목록의 정본 표기. 별표 13의 '납함유량'과 같은 물질
measurement,WQ-022,,비소와 그 화합물,LAW_ANNEX3,2026-08-05,https://www.law.go.kr/lsBylInfoPLinkR.do?bylCls=BE&lsNm=%EB%AC%BC%ED%99%98%EA%B2%BD%EB%B3%B4%EC%A0%84%EB%B2%95+%EC%8B%9C%ED%96%89%EA%B7%9C%EC%B9%99&bylNo=0003&bylBrNo=00,별표 3 제3호,legal_variant,verified,특정수질유해물질 목록의 정본 표기. 별표 13의 '비소함유량'과 같은 물질
measurement,WQ-020,,수은과 그 화합물,LAW_ANNEX3,2026-08-05,https://www.law.go.kr/lsBylInfoPLinkR.do?bylCls=BE&lsNm=%EB%AC%BC%ED%99%98%EA%B2%BD%EB%B3%B4%EC%A0%84%EB%B2%95+%EC%8B%9C%ED%96%89%EA%B7%9C%EC%B9%99&bylNo=0003&bylBrNo=00,별표 3 제4호,legal_variant,verified,특정수질유해물질 목록의 정본 표기. 별표 13의 '수은함유량'과 같은 물질
measurement,WQ-016,,시안화합물,LAW_ANNEX3,2026-08-05,https://www.law.go.kr/lsBylInfoPLinkR.do?bylCls=BE&lsNm=%EB%AC%BC%ED%99%98%EA%B2%BD%EB%B3%B4%EC%A0%84%EB%B2%95+%EC%8B%9C%ED%96%89%EA%B7%9C%EC%B9%99&bylNo=0003&bylBrNo=00,별표 3 제5호,legal_variant,verified,특정수질유해물질 목록의 정본 표기. 별표 13의 '시안함유량'과 같은 물질
measurement,WQ-028,,유기인 화합물,LAW_ANNEX3,2026-08-05,https://www.law.go.kr/lsBylInfoPLinkR.do?bylCls=BE&lsNm=%EB%AC%BC%ED%99%98%EA%B2%BD%EB%B3%B4%EC%A0%84%EB%B2%95+%EC%8B%9C%ED%96%89%EA%B7%9C%EC%B9%99&bylNo=0003&bylBrNo=00,별표 3 제6호,legal_variant,verified,특정수질유해물질 목록의 정본 표기. 별표 13의 '유기인함유량'과 같은 물질
measurement,WQ-018,,6가크롬 화합물,LAW_ANNEX3,2026-08-05,https://www.law.go.kr/lsBylInfoPLinkR.do?bylCls=BE&lsNm=%EB%AC%BC%ED%99%98%EA%B2%BD%EB%B3%B4%EC%A0%84%EB%B2%95+%EC%8B%9C%ED%96%89%EA%B7%9C%EC%B9%99&bylNo=0003&bylBrNo=00,별표 3 제7호,legal_variant,verified,특정수질유해물질 목록의 정본 표기. 별표 13의 '6가크롬함유량'과 같은 물질
measurement,WQ-019,,카드뮴과 그 화합물,LAW_ANNEX3,2026-08-05,https://www.law.go.kr/lsBylInfoPLinkR.do?bylCls=BE&lsNm=%EB%AC%BC%ED%99%98%EA%B2%BD%EB%B3%B4%EC%A0%84%EB%B2%95+%EC%8B%9C%ED%96%89%EA%B7%9C%EC%B9%99&bylNo=0003&bylBrNo=00,별표 3 제8호,legal_variant,verified,특정수질유해물질 목록의 정본 표기. 별표 13의 '카드뮴함유량'과 같은 물질
measurement,WQ-029,,폴리클로리네이티드바이페닐,LAW_ANNEX3,2026-08-05,https://www.law.go.kr/lsBylInfoPLinkR.do?bylCls=BE&lsNm=%EB%AC%BC%ED%99%98%EA%B2%BD%EB%B3%B4%EC%A0%84%EB%B2%95+%EC%8B%9C%ED%96%89%EA%B7%9C%EC%B9%99&bylNo=0003&bylBrNo=00,별표 3 제12호,legal_variant,verified,특정수질유해물질 목록의 정본 표기. 별표 13의 'PCB함유량'과 같은 물질
measurement,WQ-045,,셀레늄과 그 화합물,LAW_ANNEX3,2026-08-05,https://www.law.go.kr/lsBylInfoPLinkR.do?bylCls=BE&lsNm=%EB%AC%BC%ED%99%98%EA%B2%BD%EB%B3%B4%EC%A0%84%EB%B2%95+%EC%8B%9C%ED%96%89%EA%B7%9C%EC%B9%99&bylNo=0003&bylBrNo=00,별표 3 제13호,legal_variant,verified,특정수질유해물질 목록의 정본 표기. 별표 13의 '셀레늄함유량'과 같은 물질
measurement,WQ-036,,"1, 1-디클로로에틸렌",LAW_ANNEX3,2026-08-05,https://www.law.go.kr/lsBylInfoPLinkR.do?bylCls=BE&lsNm=%EB%AC%BC%ED%99%98%EA%B2%BD%EB%B3%B4%EC%A0%84%EB%B2%95+%EC%8B%9C%ED%96%89%EA%B7%9C%EC%B9%99&bylNo=0003&bylBrNo=00,별표 3 제17호,legal_variant,verified,"특정수질유해물질 목록의 정본 표기. 별표 13의 '1,1-디클로로에틸렌'과 같은 물질"
measurement,WQ-049,,"1, 2-디클로로에탄",LAW_ANNEX3,2026-08-05,https://www.law.go.kr/lsBylInfoPLinkR.do?bylCls=BE&lsNm=%EB%AC%BC%ED%99%98%EA%B2%BD%EB%B3%B4%EC%A0%84%EB%B2%95+%EC%8B%9C%ED%96%89%EA%B7%9C%EC%B9%99&bylNo=0003&bylBrNo=00,별표 3 제18호,legal_variant,verified,"특정수질유해물질 목록의 정본 표기. 별표 13의 '1,2-디클로로에탄'과 같은 물질"
measurement,WQ-008,,수소이온농도(pH),LAW_ENV_STD,2026-08-05,https://www.law.go.kr/LSW/flDownload.do?flSeq=159452669,환경정책기본법 시행령 별표 1 — 하천 생활환경 기준,legal_variant,verified,
measurement,WQ-001,,생물화학적산소요구량(BOD),LAW_ENV_STD,2026-08-05,https://www.law.go.kr/LSW/flDownload.do?flSeq=159452669,환경정책기본법 시행령 별표 1 — 하천 생활환경 기준,legal_variant,verified,
measurement,WQ-003,,화학적산소요구량(COD),LAW_ENV_STD,2026-08-05,https://www.law.go.kr/LSW/flDownload.do?flSeq=159452669,환경정책기본법 시행령 별표 1 — 하천 생활환경 기준,legal_variant,verified,비고 4에 따라 2015.12.31까지 적용
measurement,WQ-003,,화학적 산소요구량(COD),LAW_ENV_STD,2026-08-05,https://www.law.go.kr/LSW/flDownload.do?flSeq=159452669,환경정책기본법 시행령 별표 1 — 하천 생활환경 기준 비고 제4호,legal_variant,verified,같은 별표 안에서 표 머리글은 붙여쓰고 비고는 띄어 쓴다
measurement,WQ-002,,총유기탄소량(TOC),LAW_ENV_STD,2026-08-05,https://www.law.go.kr/LSW/flDownload.do?flSeq=159452669,환경정책기본법 시행령 별표 1 — 하천 생활환경 기준,legal_variant,verified,
measurement,WQ-004,,부유물질량(SS),LAW_ENV_STD,2026-08-05,https://www.law.go.kr/LSW/flDownload.do?flSeq=159452669,환경정책기본법 시행령 별표 1 — 하천 생활환경 기준,legal_variant,verified,
measurement,WQ-060,,용존산소량(DO),LAW_ENV_STD,2026-08-05,https://www.law.go.kr/LSW/flDownload.do?flSeq=159452669,환경정책기본법 시행령 별표 1 — 하천 생활환경 기준,legal_variant,verified,
measurement,WQ-006,,총인(total phosphorus),LAW_ENV_STD,2026-08-05,https://www.law.go.kr/LSW/flDownload.do?flSeq=159452669,환경정책기본법 시행령 별표 1 — 하천 생활환경 기준,legal_variant,verified,"하천은 영문 병기, 호소는 '총인(㎎/L)'로 병기 없음"
measurement,WQ-005,,총질소(total nitrogen),LAW_ENV_STD,2026-08-05,https://www.law.go.kr/LSW/flDownload.do?flSeq=159452669,환경정책기본법 시행령 별표 1 — 호소 생활환경 기준,legal_variant,verified,하천 기준에는 총질소가 없다 — 호소에만 있는 항목
measurement,WQ-061,,클로로필-a(Chl-a),LAW_ENV_STD,2026-08-05,https://www.law.go.kr/LSW/flDownload.do?flSeq=159452669,환경정책기본법 시행령 별표 1 — 호소 생활환경 기준,legal_variant,verified,
measurement,WQ-019,,카드뮴(Cd),LAW_ENV_STD,2026-08-05,https://www.law.go.kr/LSW/flDownload.do?flSeq=159452669,환경정책기본법 시행령 별표 1 — 하천 사람의 건강보호 기준,legal_variant,verified,
measurement,WQ-022,,비소(As),LAW_ENV_STD,2026-08-05,https://www.law.go.kr/LSW/flDownload.do?flSeq=159452669,환경정책기본법 시행령 별표 1 — 하천 사람의 건강보호 기준,legal_variant,verified,
measurement,WQ-016,,시안(CN),LAW_ENV_STD,2026-08-05,https://www.law.go.kr/LSW/flDownload.do?flSeq=159452669,환경정책기본법 시행령 별표 1 — 하천 사람의 건강보호 기준,legal_variant,verified,수치 상한이 아니라 '검출되어서는 안 됨'
measurement,WQ-020,,수은(Hg),LAW_ENV_STD,2026-08-05,https://www.law.go.kr/LSW/flDownload.do?flSeq=159452669,환경정책기본법 시행령 별표 1 — 하천 사람의 건강보호 기준,legal_variant,verified,'검출되어서는 안 됨'
measurement,WQ-028,,유기인,LAW_ENV_STD,2026-08-05,https://www.law.go.kr/LSW/flDownload.do?flSeq=159452669,환경정책기본법 시행령 별표 1 — 하천 사람의 건강보호 기준,legal_variant,verified,'검출되어서는 안 됨'
measurement,WQ-029,,폴리클로리네이티드비페닐(PCB),LAW_ENV_STD,2026-08-05,https://www.law.go.kr/LSW/flDownload.do?flSeq=159452669,환경정책기본법 시행령 별표 1 — 하천 사람의 건강보호 기준,legal_variant,verified,"별표 13은 '바이페닐', 환경기준은 '비페닐' — 한 글자 차이로 문자열 매칭이 깨진다"
measurement,WQ-021,,납(Pb),LAW_ENV_STD,2026-08-05,https://www.law.go.kr/LSW/flDownload.do?flSeq=159452669,환경정책기본법 시행령 별표 1 — 하천 사람의 건강보호 기준,legal_variant,verified,
measurement,WQ-018,,6가 크롬(Cr6+),LAW_ENV_STD,2026-08-05,https://www.law.go.kr/LSW/flDownload.do?flSeq=159452669,환경정책기본법 시행령 별표 1 — 하천 사람의 건강보호 기준,legal_variant,verified,"환경기준은 '6가 크롬'(공백), 별표 13은 '6가크롬함유량'(붙임). 같은 별표 1의 해역 기준에서는 '6가크로뮴'으로 또 다르게 적는다"
measurement,WQ-014,,음이온 계면활성제(ABS),LAW_ENV_STD,2026-08-05,https://www.law.go.kr/LSW/flDownload.do?flSeq=159452669,환경정책기본법 시행령 별표 1 — 하천 사람의 건강보호 기준,legal_variant,verified,"환경기준은 '음이온 계면활성제'(공백), 별표 13은 '음이온계면활성제'(붙임)"
measurement,WQ-048,,사염화탄소,LAW_ENV_STD,2026-08-05,https://www.law.go.kr/LSW/flDownload.do?flSeq=159452669,환경정책기본법 시행령 별표 1 — 하천 사람의 건강보호 기준,legal_variant,verified,
measurement,WQ-049,,"1,2-디클로로에탄",LAW_ENV_STD,2026-08-05,https://www.law.go.kr/LSW/flDownload.do?flSeq=159452669,환경정책기본법 시행령 별표 1 — 하천 사람의 건강보호 기준,legal_variant,verified,"별표 3은 '1, 2-디클로로에탄'(콤마 뒤 공백), 환경기준·별표 13은 공백 없음"
measurement,WQ-033,,테트라클로로에틸렌(PCE),LAW_ENV_STD,2026-08-05,https://www.law.go.kr/LSW/flDownload.do?flSeq=159452669,환경정책기본법 시행령 별표 1 — 하천 사람의 건강보호 기준,legal_variant,verified,
measurement,WQ-035,,디클로로메탄,LAW_ENV_STD,2026-08-05,https://www.law.go.kr/LSW/flDownload.do?flSeq=159452669,환경정책기본법 시행령 별표 1 — 하천 사람의 건강보호 기준,legal_variant,verified,
measurement,WQ-034,,벤젠,LAW_ENV_STD,2026-08-05,https://www.law.go.kr/LSW/flDownload.do?flSeq=159452669,환경정책기본법 시행령 별표 1 — 하천 사람의 건강보호 기준,legal_variant,verified,
measurement,WQ-037,,클로로포름,LAW_ENV_STD,2026-08-05,https://www.law.go.kr/LSW/flDownload.do?flSeq=159452669,환경정책기본법 시행령 별표 1 — 하천 사람의 건강보호 기준,legal_variant,verified,
measurement,WQ-051,,디에틸헥실프탈레이트(DEHP),LAW_ENV_STD,2026-08-05,https://www.law.go.kr/LSW/flDownload.do?flSeq=159452669,환경정책기본법 시행령 별표 1 — 하천 사람의 건강보호 기준,legal_variant,verified,
measurement,WQ-059,,안티몬,LAW_ENV_STD,2026-08-05,https://www.law.go.kr/LSW/flDownload.do?flSeq=159452669,환경정책기본법 시행령 별표 1 — 하천 사람의 건강보호 기준,legal_variant,verified,
measurement,WQ-038,,"1,4-다이옥세인",LAW_ENV_STD,2026-08-05,https://www.law.go.kr/LSW/flDownload.do?flSeq=159452669,환경정책기본법 시행령 별표 1 — 하천 사람의 건강보호 기준,legal_variant,verified,"환경기준은 '다이옥세인', 별표 13은 '다이옥산'. 두 법령이 같은 물질을 다르게 표기한다"
measurement,WQ-039,,포름알데히드,LAW_ENV_STD,2026-08-05,https://www.law.go.kr/LSW/flDownload.do?flSeq=159452669,환경정책기본법 시행령 별표 1 — 하천 사람의 건강보호 기준,legal_variant,verified,"환경기준은 '포름알데히드', 별표 13은 '폼알데하이드'. 두 법령이 같은 물질을 다르게 표기한다"
measurement,WQ-076,,헥사클로로벤젠,LAW_ENV_STD,2026-08-05,https://www.law.go.kr/LSW/flDownload.do?flSeq=159452669,환경정책기본법 시행령 별표 1 — 하천 사람의 건강보호 기준,legal_variant,verified,
measurement,WQ-011,,총대장균군,LAW_ENV_STD,2026-08-05,https://www.law.go.kr/LSW/flDownload.do?flSeq=159452669,환경정책기본법 시행령 별표 1 — 하천 생활환경 기준,legal_variant,verified,"환경기준 단위는 군수/100mL, 별표 13은 군수/㎖ — 값을 그대로 비교하면 안 된다"
measurement,WQ-063,,분원성대장균군,LAW_ENV_STD,2026-08-05,https://www.law.go.kr/LSW/flDownload.do?flSeq=159452669,환경정책기본법 시행령 별표 1 — 하천 생활환경 기준,legal_variant,verified,
measurement,WQ-008,,수소이온 농도,LAW_DRINKING,2026-08-05,https://www.law.go.kr/LSW/flDownload.do?flSeq=158952499,먹는물 수질기준 및 검사 등에 관한 규칙 별표 1 제5호 사목,legal_variant,verified,"먹는물 기준은 '수소이온 농도'(공백), 별표 13·환경기준은 '수소이온농도'(붙임)"
measurement,WQ-011,,총 대장균군,LAW_DRINKING,2026-08-05,https://www.law.go.kr/LSW/flDownload.do?flSeq=158952499,먹는물 수질기준 및 검사 등에 관한 규칙 별표 1 제1호 나목,legal_variant,verified,"먹는물 기준은 '총 대장균군'(공백), 별표 13·환경기준은 '총대장균군'(붙임). 같은 수도법령 안에서도 시행규칙 제22조의4는 '총대장균군'으로 붙여 쓴다"
measurement,WQ-063,,대장균·분원성 대장균군,LAW_DRINKING,2026-08-05,https://www.law.go.kr/LSW/flDownload.do?flSeq=158952499,먹는물 수질기준 및 검사 등에 관한 규칙 별표 1 제1호 다목,legal_variant,verified,먹는물 기준은 대장균과 분원성대장균군을 한 항목으로 묶는다 — 1:1 매핑이 성립하지 않는 사례
measurement,WQ-063,,분원성 대장균군,LAW_DRINKING,2026-08-05,https://www.law.go.kr/LSW/flDownload.do?flSeq=158952499,먹는물 수질기준 및 검사 등에 관한 규칙 별표 1 제1호 다목,legal_variant,verified,공백 있는 표기
measurement,WQ-071,,저온일반세균,LAW_DRINKING,2026-08-05,https://www.law.go.kr/LSW/flDownload.do?flSeq=158952499,먹는물 수질기준 및 검사 등에 관한 규칙 별표 1 제1호 가목,legal_variant,verified,샘물·염지하수에 적용되는 세분 항목
measurement,WQ-071,,중온일반세균,LAW_DRINKING,2026-08-05,https://www.law.go.kr/LSW/flDownload.do?flSeq=158952499,먹는물 수질기준 및 검사 등에 관한 규칙 별표 1 제1호 가목,legal_variant,verified,부산 약수터 데이터의 '일반세균 중온'이 여기 대응한다
measurement,WQ-027,,불소,LAW_DRINKING,2026-08-05,https://www.law.go.kr/LSW/flDownload.do?flSeq=158952499,먹는물 수질기준 및 검사 등에 관한 규칙 별표 1 제2호 나목,legal_variant,verified,먹는물 기준의 법령 표기는 '불소'(1.5㎎/L). 별표 13은 '플로오르(불소)함유량' — 초안이 동의어로 넣었던 '불소'는 실제 법령 표기였다
measurement,WQ-056,,크실렌,LAW_DRINKING,2026-08-05,https://www.law.go.kr/LSW/flDownload.do?flSeq=158952499,먹는물 수질기준 및 검사 등에 관한 규칙 별표 1 제3호 머목,legal_variant,verified,"먹는물 기준은 '크실렌', 별표 13은 '자일렌'. 같은 물질(Xylene)의 두 법령 표기"
measurement,WQ-023,,동,LAW_DRINKING,2026-08-05,https://www.law.go.kr/LSW/flDownload.do?flSeq=158952499,먹는물 수질기준 및 검사 등에 관한 규칙 별표 1 제5호 라목,legal_variant,verified,"먹는물 기준은 '동'(1㎎/L), 별표 13은 '구리(동)함유량'"
measurement,WQ-014,,세제(음이온 계면활성제),LAW_DRINKING,2026-08-05,https://www.law.go.kr/LSW/flDownload.do?flSeq=158952499,먹는물 수질기준 및 검사 등에 관한 규칙 별표 1 제5호 바목,legal_variant,verified,먹는물 기준은 '세제'를 표제어로 쓰고 계면활성제를 괄호에 넣는다
measurement,WQ-016,,시안,LAW_DRINKING,2026-08-05,https://www.law.go.kr/LSW/flDownload.do?flSeq=158952499,먹는물 수질기준 및 검사 등에 관한 규칙 별표 1 제2호 바목,legal_variant,verified,
measurement,WQ-017,,크롬,LAW_DRINKING,2026-08-05,https://www.law.go.kr/LSW/flDownload.do?flSeq=158952499,먹는물 수질기준 및 검사 등에 관한 규칙 별표 1 제2호 사목,legal_variant,verified,
measurement,WQ-030,,페놀,LAW_DRINKING,2026-08-05,https://www.law.go.kr/LSW/flDownload.do?flSeq=158952499,먹는물 수질기준 및 검사 등에 관한 규칙 별표 1 제3호 가목,legal_variant,verified,
measurement,WQ-039,,포름알데히드,LAW_DRINKING,2026-08-05,https://www.law.go.kr/LSW/flDownload.do?flSeq=158952499,먹는물 수질기준 및 검사 등에 관한 규칙 별표 1 제4호 카목,legal_variant,verified,먹는물 기준도 환경기준과 같은 '포름알데히드'. 별표 13만 '폼알데하이드'다
measurement,WQ-038,,"1,4-다이옥산",LAW_DRINKING,2026-08-05,https://www.law.go.kr/LSW/flDownload.do?flSeq=158952499,먹는물 수질기준 및 검사 등에 관한 규칙 별표 1 제3호 서목,legal_variant,verified,먹는물 기준은 별표 13과 같은 '다이옥산'
measurement,WQ-055,,톨루엔,LAW_DRINKING,2026-08-05,https://www.law.go.kr/LSW/flDownload.do?flSeq=158952499,먹는물 수질기준 및 검사 등에 관한 규칙 별표 1 제3호 러목,legal_variant,verified,
measurement,WQ-069,,탁도,LAW_DRINKING,2026-08-05,https://www.law.go.kr/LSW/flDownload.do?flSeq=158952499,먹는물 수질기준 및 검사 등에 관한 규칙 별표 1 제5호 파목,legal_variant,verified,
measurement,WQ-010,,색도,LAW_DRINKING,2026-08-05,https://www.law.go.kr/LSW/flDownload.do?flSeq=158952499,먹는물 수질기준 및 검사 등에 관한 규칙 별표 1 제5호 마목,legal_variant,verified,
measurement,WQ-070,,유리잔류염소,LAW_WATERWORKS,2026-08-05,https://www.law.go.kr/법령/수도법시행규칙,수도법 시행규칙 제22조의2제1항제3호: '수도꼭지의 먹는물 유리잔류염소가 항상 0.1밀리그램/리터(결합잔류염소는 0.4밀리그램/리터) 이상이 되도록 할 것',legal_variant,verified,하한 기준 조문. 단위를 '㎎/L'가 아니라 한글 '밀리그램/리터'로 적는다
measurement,WQ-070,,잔류염소,LAW_WATERWORKS,2026-08-05,https://www.law.go.kr/법령/수도법시행규칙,수도법 시행규칙 제22조의4제3항제1호: '잔류염소: 리터당 0.1밀리그램 이상 4.0밀리그램 이하',legal_variant,verified,저수조 청소 후 점검 기준. 여기서는 괄호 정의문 없이 '잔류염소'로만 쓴다
measurement,WQ-008,,수소이온농도(pH),LAW_WATERWORKS,2026-08-05,https://www.law.go.kr/법령/수도법시행규칙,수도법 시행규칙 제22조의4제3항제2호,legal_variant,verified,"같은 개념을 먹는물검사규칙은 '수소이온 농도', 수도법 시행규칙은 '수소이온농도(pH)'로 적는다"
measurement,WQ-008,,HION_DNST,MOIS_STD_TERM,2026-08-05,https://www.data.go.kr/data/15156379/fileData.do,"공통표준용어 영문약어명 = HION_DNST / 수N8,3 (7차)",abbreviation,verified,행정안전부 공통표준용어의 공식 영문약어. 새 테이블 컬럼명은 이걸 따르는 게 맞다
measurement,WQ-004,,SSQTY,MOIS_STD_TERM,2026-08-05,https://www.data.go.kr/data/15156379/fileData.do,"공통표준용어 영문약어명 = SSQTY / 수N10,3 (8차)",abbreviation,verified,행정안전부 공통표준용어의 공식 영문약어. 새 테이블 컬럼명은 이걸 따르는 게 맞다
measurement,WQ-062,,ELCD,MOIS_STD_TERM,2026-08-05,https://www.data.go.kr/data/15156379/fileData.do,공통표준용어 영문약어명 = ELCD,abbreviation,verified,행정안전부 공통표준용어의 공식 영문약어. 새 테이블 컬럼명은 이걸 따르는 게 맞다
metadata,,MD-001,MSRSTN_NM,MOIS_STD_TERM,2026-08-05,https://www.data.go.kr/data/15156379/fileData.do,공통표준용어 영문약어명 = MSRSTN_NM,abbreviation,verified,
metadata,,MD-003,RVR_NM,MOIS_STD_TERM,2026-08-05,https://www.data.go.kr/data/15156379/fileData.do,공통표준용어 영문약어명 = RVR_NM,abbreviation,verified,
metadata,,MD-006,MSRMT_YMD,MOIS_STD_TERM,2026-08-05,https://www.data.go.kr/data/15156379/fileData.do,공통표준용어 영문약어명 = MSRMT_YMD,abbreviation,verified,
metadata,,MD-007,MSRMT_DT,MOIS_STD_TERM,2026-08-05,https://www.data.go.kr/data/15156379/fileData.do,공통표준용어 영문약어명 = MSRMT_DT,abbreviation,verified,
metadata,,MD-011,SPCM_PCKNG_YMD,MOIS_STD_TERM,2026-08-05,https://www.data.go.kr/data/15156379/fileData.do,공통표준용어 영문약어명 = SPCM_PCKNG_YMD,abbreviation,verified,
metadata,,MD-011,WTSMP_YMD,MOIS_STD_TERM,2026-08-05,https://www.data.go.kr/data/15156379/fileData.do,공통표준용어 영문약어명 = WTSMP_YMD,abbreviation,verified,
metadata,,MD-013,LAT,MOIS_STD_TERM,2026-08-05,https://www.data.go.kr/data/15156379/fileData.do,공통표준용어 영문약어명 = LAT,abbreviation,verified,
metadata,,MD-014,LOT,MOIS_STD_TERM,2026-08-05,https://www.data.go.kr/data/15156379/fileData.do,공통표준용어 영문약어명 = LOT,abbreviation,verified,
metadata,,MD-015,LCTN_ADDR,MOIS_STD_TERM,2026-08-05,https://www.data.go.kr/data/15156379/fileData.do,공통표준용어 영문약어명 = LCTN_ADDR,abbreviation,verified,
metadata,,MD-016,ROAD_NM_ADDR,MOIS_STD_TERM,2026-08-05,https://www.data.go.kr/data/15156379/fileData.do,공통표준용어 영문약어명 = ROAD_NM_ADDR,abbreviation,verified,
metadata,,MD-017,CTPV_NM,MOIS_STD_TERM,2026-08-05,https://www.data.go.kr/data/15156379/fileData.do,공통표준용어 영문약어명 = CTPV_NM,abbreviation,verified,
metadata,,MD-018,SGG_NM,MOIS_STD_TERM,2026-08-05,https://www.data.go.kr/data/15156379/fileData.do,공통표준용어 영문약어명 = SGG_NM,abbreviation,verified,
metadata,,MD-019,STDG_SGG_CD,MOIS_STD_TERM,2026-08-05,https://www.data.go.kr/data/15156379/fileData.do,공통표준용어 영문약어명 = STDG_SGG_CD,abbreviation,verified,
metadata,,MD-019,STDG_CD,MOIS_STD_TERM,2026-08-05,https://www.data.go.kr/data/15156379/fileData.do,공통표준용어 영문약어명 = STDG_CD,abbreviation,verified,
metadata,,MD-022,INST_NM,MOIS_STD_TERM,2026-08-05,https://www.data.go.kr/data/15156379/fileData.do,공통표준용어 영문약어명 = INST_NM,abbreviation,verified,
metadata,,MD-029,DATA_CRTR_YMD,MOIS_STD_TERM,2026-08-05,https://www.data.go.kr/data/15156379/fileData.do,공통표준용어 영문약어명 = DATA_CRTR_YMD,abbreviation,verified,
metadata,,MD-030,MSPT_NO,MOIS_STD_TERM,2026-08-05,https://www.data.go.kr/data/15156379/fileData.do,공통표준용어 '측정지점번호'의 영문약어명,abbreviation,draft,차용 후보의 약어일 뿐 우리 용어에 배정된 약어가 아니다. 개념 동일성 확인 전까지 미검수
measurement,WQ-001,,BOD5,DRAFT_AI,2026-08-05,,,colloquial,draft,초안 xlsx의 AI 생성 표기 — 실데이터/법령에서 확인되기 전까지 미검수
measurement,WQ-001,,생물학적 산소요구량,DRAFT_AI,2026-08-05,,,colloquial,draft,초안 xlsx의 AI 생성 표기 — 실데이터/법령에서 확인되기 전까지 미검수
measurement,WQ-001,,비오디,DRAFT_AI,2026-08-05,,,colloquial,draft,초안 xlsx의 AI 생성 표기 — 실데이터/법령에서 확인되기 전까지 미검수
measurement,WQ-002,,총유기탄소,DRAFT_AI,2026-08-05,,,colloquial,draft,초안 xlsx의 AI 생성 표기 — 실데이터/법령에서 확인되기 전까지 미검수
measurement,WQ-002,,티오씨,DRAFT_AI,2026-08-05,,,colloquial,draft,초안 xlsx의 AI 생성 표기 — 실데이터/법령에서 확인되기 전까지 미검수
measurement,WQ-003,,CODMn,DRAFT_AI,2026-08-05,,,colloquial,draft,초안 xlsx의 AI 생성 표기 — 실데이터/법령에서 확인되기 전까지 미검수
measurement,WQ-003,,CODCr,DRAFT_AI,2026-08-05,,,colloquial,draft,초안 xlsx의 AI 생성 표기 — 실데이터/법령에서 확인되기 전까지 미검수
measurement,WQ-003,,씨오디,DRAFT_AI,2026-08-05,,,colloquial,draft,초안 xlsx의 AI 생성 표기 — 실데이터/법령에서 확인되기 전까지 미검수
measurement,WQ-004,,부유물질,DRAFT_AI,2026-08-05,,,colloquial,draft,초안 xlsx의 AI 생성 표기 — 실데이터/법령에서 확인되기 전까지 미검수
measurement,WQ-004,,현탁물질,DRAFT_AI,2026-08-05,,,colloquial,draft,초안 xlsx의 AI 생성 표기 — 실데이터/법령에서 확인되기 전까지 미검수
measurement,WQ-004,,에스에스,DRAFT_AI,2026-08-05,,,colloquial,draft,초안 xlsx의 AI 생성 표기 — 실데이터/법령에서 확인되기 전까지 미검수
measurement,WQ-005,,TN,DRAFT_AI,2026-08-05,,,colloquial,draft,초안 xlsx의 AI 생성 표기 — 실데이터/법령에서 확인되기 전까지 미검수
measurement,WQ-005,,T_N,DRAFT_AI,2026-08-05,,,colloquial,draft,초안 xlsx의 AI 생성 표기 — 실데이터/법령에서 확인되기 전까지 미검수
measurement,WQ-005,,총 질소,DRAFT_AI,2026-08-05,,,colloquial,draft,초안 xlsx의 AI 생성 표기 — 실데이터/법령에서 확인되기 전까지 미검수
measurement,WQ-006,,TP,DRAFT_AI,2026-08-05,,,colloquial,draft,초안 xlsx의 AI 생성 표기 — 실데이터/법령에서 확인되기 전까지 미검수
measurement,WQ-006,,T_P,DRAFT_AI,2026-08-05,,,colloquial,draft,초안 xlsx의 AI 생성 표기 — 실데이터/법령에서 확인되기 전까지 미검수
measurement,WQ-006,,총 인,DRAFT_AI,2026-08-05,,,colloquial,draft,초안 xlsx의 AI 생성 표기 — 실데이터/법령에서 확인되기 전까지 미검수
measurement,WQ-007,,독성단위,DRAFT_AI,2026-08-05,,,colloquial,draft,초안 xlsx의 AI 생성 표기 — 실데이터/법령에서 확인되기 전까지 미검수
measurement,WQ-007,,물벼룩 급성독성,DRAFT_AI,2026-08-05,,,colloquial,draft,초안 xlsx의 AI 생성 표기 — 실데이터/법령에서 확인되기 전까지 미검수
measurement,WQ-008,,산도,DRAFT_AI,2026-08-05,,,colloquial,draft,초안 xlsx의 AI 생성 표기 — 실데이터/법령에서 확인되기 전까지 미검수
measurement,WQ-008,,피에이치,DRAFT_AI,2026-08-05,,,colloquial,draft,초안 xlsx의 AI 생성 표기 — 실데이터/법령에서 확인되기 전까지 미검수
measurement,WQ-008,,수소이온지수,DRAFT_AI,2026-08-05,,,colloquial,draft,초안 xlsx의 AI 생성 표기 — 실데이터/법령에서 확인되기 전까지 미검수
measurement,WQ-009,,수온,DRAFT_AI,2026-08-05,,,colloquial,draft,초안 xlsx의 AI 생성 표기 — 실데이터/법령에서 확인되기 전까지 미검수
measurement,WQ-009,,온도(℃),DRAFT_AI,2026-08-05,,,colloquial,draft,초안 xlsx의 AI 생성 표기 — 실데이터/법령에서 확인되기 전까지 미검수
measurement,WQ-011,,대장균군,DRAFT_AI,2026-08-05,,,colloquial,draft,초안 xlsx의 AI 생성 표기 — 실데이터/법령에서 확인되기 전까지 미검수
measurement,WQ-012,,노르말헥산추출물질,DRAFT_AI,2026-08-05,,,colloquial,draft,초안 xlsx의 AI 생성 표기 — 실데이터/법령에서 확인되기 전까지 미검수
measurement,WQ-014,,MBAS,DRAFT_AI,2026-08-05,,,colloquial,draft,초안 xlsx의 AI 생성 표기 — 실데이터/법령에서 확인되기 전까지 미검수
measurement,WQ-014,,계면활성제(음이온),DRAFT_AI,2026-08-05,,,colloquial,draft,초안 xlsx의 AI 생성 표기 — 실데이터/법령에서 확인되기 전까지 미검수
measurement,WQ-015,,페놀류화합물,DRAFT_AI,2026-08-05,,,colloquial,draft,초안 xlsx의 AI 생성 표기 — 실데이터/법령에서 확인되기 전까지 미검수
measurement,WQ-016,,시안화물,DRAFT_AI,2026-08-05,,,colloquial,draft,초안 xlsx의 AI 생성 표기 — 실데이터/법령에서 확인되기 전까지 미검수
measurement,WQ-016,,CN-,DRAFT_AI,2026-08-05,,,colloquial,draft,초안 xlsx의 AI 생성 표기 — 실데이터/법령에서 확인되기 전까지 미검수
measurement,WQ-017,,총크롬,DRAFT_AI,2026-08-05,,,colloquial,draft,초안 xlsx의 AI 생성 표기 — 실데이터/법령에서 확인되기 전까지 미검수
measurement,WQ-018,,육가크롬,DRAFT_AI,2026-08-05,,,colloquial,draft,초안 xlsx의 AI 생성 표기 — 실데이터/법령에서 확인되기 전까지 미검수
measurement,WQ-018,,Cr-VI,DRAFT_AI,2026-08-05,,,colloquial,draft,초안 xlsx의 AI 생성 표기 — 실데이터/법령에서 확인되기 전까지 미검수
measurement,WQ-019,,카드뮴화합물,DRAFT_AI,2026-08-05,,,colloquial,draft,초안 xlsx의 AI 생성 표기 — 실데이터/법령에서 확인되기 전까지 미검수
measurement,WQ-020,,수은화합물,DRAFT_AI,2026-08-05,,,colloquial,draft,초안 xlsx의 AI 생성 표기 — 실데이터/법령에서 확인되기 전까지 미검수
measurement,WQ-021,,연,DRAFT_AI,2026-08-05,,,colloquial,draft,초안 xlsx의 AI 생성 표기 — 실데이터/법령에서 확인되기 전까지 미검수
measurement,WQ-021,,납화합물,DRAFT_AI,2026-08-05,,,colloquial,draft,초안 xlsx의 AI 생성 표기 — 실데이터/법령에서 확인되기 전까지 미검수
measurement,WQ-022,,비소화합물,DRAFT_AI,2026-08-05,,,colloquial,draft,초안 xlsx의 AI 생성 표기 — 실데이터/법령에서 확인되기 전까지 미검수
measurement,WQ-023,,동,DRAFT_AI,2026-08-05,,,colloquial,draft,초안 xlsx의 AI 생성 표기 — 실데이터/법령에서 확인되기 전까지 미검수
measurement,WQ-023,,구리화합물,DRAFT_AI,2026-08-05,,,colloquial,draft,초안 xlsx의 AI 생성 표기 — 실데이터/법령에서 확인되기 전까지 미검수
measurement,WQ-024,,아연화합물,DRAFT_AI,2026-08-05,,,colloquial,draft,초안 xlsx의 AI 생성 표기 — 실데이터/법령에서 확인되기 전까지 미검수
measurement,WQ-025,,용존철,DRAFT_AI,2026-08-05,,,colloquial,draft,초안 xlsx의 AI 생성 표기 — 실데이터/법령에서 확인되기 전까지 미검수
measurement,WQ-026,,용존망간,DRAFT_AI,2026-08-05,,,colloquial,draft,초안 xlsx의 AI 생성 표기 — 실데이터/법령에서 확인되기 전까지 미검수
measurement,WQ-027,,플루오린,DRAFT_AI,2026-08-05,,,colloquial,draft,초안 xlsx의 AI 생성 표기 — 실데이터/법령에서 확인되기 전까지 미검수
measurement,WQ-027,,플루오르,DRAFT_AI,2026-08-05,,,colloquial,draft,초안 xlsx의 AI 생성 표기 — 실데이터/법령에서 확인되기 전까지 미검수
measurement,WQ-027,,F-,DRAFT_AI,2026-08-05,,,colloquial,draft,초안 xlsx의 AI 생성 표기 — 실데이터/법령에서 확인되기 전까지 미검수
measurement,WQ-028,,유기인화합물,DRAFT_AI,2026-08-05,,,colloquial,draft,초안 xlsx의 AI 생성 표기 — 실데이터/법령에서 확인되기 전까지 미검수
measurement,WQ-029,,PCBs,DRAFT_AI,2026-08-05,,,colloquial,draft,초안 xlsx의 AI 생성 표기 — 실데이터/법령에서 확인되기 전까지 미검수
measurement,WQ-029,,폴리염화비페닐,DRAFT_AI,2026-08-05,,,colloquial,draft,초안 xlsx의 AI 생성 표기 — 실데이터/법령에서 확인되기 전까지 미검수
measurement,WQ-030,,석탄산,DRAFT_AI,2026-08-05,,,colloquial,draft,초안 xlsx의 AI 생성 표기 — 실데이터/법령에서 확인되기 전까지 미검수
measurement,WQ-032,,트리클로로에텐,DRAFT_AI,2026-08-05,,,colloquial,draft,초안 xlsx의 AI 생성 표기 — 실데이터/법령에서 확인되기 전까지 미검수
measurement,WQ-033,,퍼클로로에틸렌,DRAFT_AI,2026-08-05,,,colloquial,draft,초안 xlsx의 AI 생성 표기 — 실데이터/법령에서 확인되기 전까지 미검수
measurement,WQ-033,,테트라클로로에텐,DRAFT_AI,2026-08-05,,,colloquial,draft,초안 xlsx의 AI 생성 표기 — 실데이터/법령에서 확인되기 전까지 미검수
measurement,WQ-035,,염화메틸렌,DRAFT_AI,2026-08-05,,,colloquial,draft,초안 xlsx의 AI 생성 표기 — 실데이터/법령에서 확인되기 전까지 미검수
measurement,WQ-035,,메틸렌클로라이드,DRAFT_AI,2026-08-05,,,colloquial,draft,초안 xlsx의 AI 생성 표기 — 실데이터/법령에서 확인되기 전까지 미검수
measurement,WQ-036,,"1,1-디클로로에텐",DRAFT_AI,2026-08-05,,,colloquial,draft,초안 xlsx의 AI 생성 표기 — 실데이터/법령에서 확인되기 전까지 미검수
measurement,WQ-037,,트리클로로메탄,DRAFT_AI,2026-08-05,,,colloquial,draft,초안 xlsx의 AI 생성 표기 — 실데이터/법령에서 확인되기 전까지 미검수
measurement,WQ-038,,다이옥산,DRAFT_AI,2026-08-05,,,colloquial,draft,초안 xlsx의 AI 생성 표기 — 실데이터/법령에서 확인되기 전까지 미검수
measurement,WQ-044,,스타이렌,DRAFT_AI,2026-08-05,,,colloquial,draft,초안 xlsx의 AI 생성 표기 — 실데이터/법령에서 확인되기 전까지 미검수
measurement,WQ-045,,셀렌,DRAFT_AI,2026-08-05,,,colloquial,draft,초안 xlsx의 AI 생성 표기 — 실데이터/법령에서 확인되기 전까지 미검수
measurement,WQ-005,,질소(총),DRAFT_AI,2026-08-05,,,colloquial,rejected,"사전에서 폐기: 괄호를 떼면 '질소', 괄호부는 '총' — WQ-006 '인(총)'과 충돌"
measurement,WQ-006,,인(총),DRAFT_AI,2026-08-05,,,colloquial,rejected,"사전에서 폐기: 괄호를 떼면 '인', 괄호부는 '총' — WQ-005 '질소(총)'과 충돌"
measurement,WQ-012,,유분(광유),DRAFT_AI,2026-08-05,,,colloquial,rejected,사전에서 폐기: 괄호를 떼면 '유분' — WQ-013 '유분(동식물유지)'과 충돌
measurement,WQ-013,,유분(동식물유지),DRAFT_AI,2026-08-05,,,colloquial,rejected,사전에서 폐기: 괄호를 떼면 '유분' — WQ-012 '유분(광유)'과 충돌
measurement,WQ-018,,Cr(VI),DRAFT_AI,2026-08-05,,,colloquial,rejected,사전에서 폐기: 괄호를 떼면 'Cr' — 총크롬(WQ-017)의 약어와 충돌. 'Cr-VI'로 대체
metadata,,MD-001,지점명,HUMAN_REVIEW,2026-08-08,,출처파일: 충남_보건환경연구원_물환경측정망_하천.csv,column_name,verified,리뷰 대기열 승인 (판정자: 박서연)
metadata,,MD-012,"채수시각
(WMCTM)",HUMAN_REVIEW,2026-08-08,,출처파일: 충남_보건환경연구원_물환경측정망_하천.csv,column_name,verified,리뷰 대기열 승인 (판정자: 박서연)
